Store ID,SKU ID,Total Visits,Transactions,Revenue
Store_1,SKU_1,606,573,74688.67
Store_1,SKU_2,695,27,1390.6
Store_1,SKU_3,389,285,50679.63
Store_1,SKU_4,689,505,16764.34
Store_1,SKU_5,522,230,41928.4
Store_1,SKU_6,434,376,50030.98
Store_1,SKU_7,682,627,48271.53
Store_1,SKU_8,308,197,21087.27
Store_1,SKU_9,698,317,16547.55
Store_1,SKU_10,868,233,17276.22
Store_1,SKU_11,876,373,19233.82
Store_1,SKU_12,521,232,20121.1
Store_1,SKU_13,879,496,28888.99
Store_1,SKU_14,317,294,30716.3
Store_1,SKU_15,162,100,6411.97
Store_1,SKU_16,130,112,21902.37
Store_1,SKU_17,269,53,862.82
Store_1,SKU_18,785,224,29237.99
Store_1,SKU_19,687,129,14303.21
Store_1,SKU_20,779,671,77198.34
Store_2,SKU_1,296,202,16207.34
Store_2,SKU_2,450,254,41299.52
Store_2,SKU_3,886,883,173818.9
Store_2,SKU_4,956,510,13849.08
Store_2,SKU_5,658,200,14189.64
Store_2,SKU_6,375,348,60234.68
Store_2,SKU_7,813,402,58337.6
Store_2,SKU_8,560,146,11131.99
Store_2,SKU_9,760,488,68943.75
Store_2,SKU_10,689,550,103388.28
Store_2,SKU_11,690,472,23469.54
Store_2,SKU_12,464,297,17525.65
Store_2,SKU_13,813,143,23633.93
Store_2,SKU_14,621,1,199.29
Store_2,SKU_15,303,139,16134.53
Store_2,SKU_16,209,8,503.88
Store_2,SKU_17,708,207,37353.35
Store_2,SKU_18,201,53,8383.35
Store_2,SKU_19,969,627,16293.59
Store_2,SKU_20,469,421,57722.37
Store_3,SKU_1,303,226,18245.82
Store_3,SKU_2,522,98,19109.62
Store_3,SKU_3,963,895,60877.12
Store_3,SKU_4,755,162,21687.37
Store_3,SKU_5,730,160,2149.49
Store_3,SKU_6,447,276,12137.46
Store_3,SKU_7,553,391,66998.81
Store_3,SKU_8,450,127,14983.29
Store_3,SKU_9,509,442,35300.77
Store_3,SKU_10,424,21,1183.52
Store_3,SKU_11,87,50,8974.44
Store_3,SKU_12,332,26,4186.37
Store_3,SKU_13,847,608,72723.94
Store_3,SKU_14,530,452,24288.31
Store_3,SKU_15,865,658,78091.96
Store_3,SKU_16,241,48,877.67
Store_3,SKU_17,221,219,21744.39
Store_3,SKU_18,95,5,401.65
Store_3,SKU_19,794,36,6709.7
Store_3,SKU_20,546,301,58292.99
Store_4,SKU_1,148,115,7583.71
Store_4,SKU_2,977,160,11234.43
Store_4,SKU_3,177,17,1968.47
Store_4,SKU_4,784,565,80368.8
Store_4,SKU_5,921,685,19497.52
Store_4,SKU_6,337,150,5492.39
Store_4,SKU_7,204,129,9195.72
Store_4,SKU_8,153,136,19512.19
Store_4,SKU_9,225,38,2499.73
Store_4,SKU_10,808,537,88025.87
Store_4,SKU_11,970,407,74690.89
Store_4,SKU_12,555,35,5658.66
Store_4,SKU_13,370,263,37707.28
Store_4,SKU_14,449,141,25253.24
Store_4,SKU_15,520,142,11553.23
Store_4,SKU_16,883,799,95778.71
Store_4,SKU_17,903,50,4923.18
Store_4,SKU_18,624,189,12179.7
Store_4,SKU_19,363,57,900.32
Store_4,SKU_20,741,681,113246.29
Store_5,SKU_1,103,59,4251.76
Store_5,SKU_2,313,52,3202.84
Store_5,SKU_3,669,4,387.52
Store_5,SKU_4,823,349,39339.51
Store_5,SKU_5,872,819,28846.52
Store_5,SKU_6,419,123,17930.09
Store_5,SKU_7,708,656,56269.04
Store_5,SKU_8,836,603,91274.97
Store_5,SKU_9,395,228,10265.33
Store_5,SKU_10,879,790,72190.0
Store_5,SKU_11,957,640,27472.59
Store_5,SKU_12,562,95,10863.54
Store_5,SKU_13,609,600,81262.5
Store_5,SKU_14,934,896,171516.27
Store_5,SKU_15,753,446,41378.92
Store_5,SKU_16,910,246,4690.25
Store_5,SKU_17,203,143,5740.42
Store_5,SKU_18,135,28,897.51
Store_5,SKU_19,118,46,815.97
Store_5,SKU_20,799,452,45242.05
Store_6,SKU_1,267,38,2880.32
Store_6,SKU_2,303,221,29494.0
Store_6,SKU_3,811,521,99165.94
Store_6,SKU_4,149,33,1965.8
Store_6,SKU_5,955,761,142575.56
Store_6,SKU_6,657,324,45344.81
Store_6,SKU_7,65,23,4354.81
Store_6,SKU_8,307,159,29994.36
Store_6,SKU_9,713,689,81949.48
Store_6,SKU_10,594,426,80462.16
Store_6,SKU_11,884,576,110952.7
Store_6,SKU_12,891,42,1982.41
Store_6,SKU_13,446,11,320.63
Store_6,SKU_14,947,252,7041.93
Store_6,SKU_15,84,80,10766.98
Store_6,SKU_16,654,601,44905.92
Store_6,SKU_17,164,104,10841.7
Store_6,SKU_18,875,500,38091.98
Store_6,SKU_19,124,28,488.47
Store_6,SKU_20,778,276,53499.92
Store_7,SKU_1,725,393,35550.58
Store_7,SKU_2,969,191,22810.3
Store_7,SKU_3,148,35,2823.92
Store_7,SKU_4,145,36,1992.0
Store_7,SKU_5,744,524,78905.32
Store_7,SKU_6,916,872,71302.12
Store_7,SKU_7,930,61,6365.14
Store_7,SKU_8,778,341,22693.78
Store_7,SKU_9,68,48,967.79
Store_7,SKU_10,494,232,39662.07
Store_7,SKU_11,314,283,53914.83
Store_7,SKU_12,433,51,6066.61
Store_7,SKU_13,416,143,13614.26
Store_7,SKU_14,148,139,10070.03
Store_7,SKU_15,940,468,71581.14
Store_7,SKU_16,200,143,22883.92
Store_7,SKU_17,158,41,7999.39
Store_7,SKU_18,447,222,4576.65
Store_7,SKU_19,212,74,2385.96
Store_7,SKU_20,637,8,1237.5
Store_8,SKU_1,541,252,42666.46
Store_8,SKU_2,223,140,7320.53
Store_8,SKU_3,442,433,77706.36
Store_8,SKU_4,243,4,430.13
Store_8,SKU_5,471,338,40711.43
Store_8,SKU_6,414,320,56725.89
Store_8,SKU_7,706,510,93055.52
Store_8,SKU_8,350,131,10026.93
Store_8,SKU_9,301,274,43198.27
Store_8,SKU_10,231,166,15039.96
Store_8,SKU_11,907,530,16497.59
Store_8,SKU_12,500,172,2091.04
Store_8,SKU_13,269,125,2587.2
Store_8,SKU_14,525,455,14710.14
Store_8,SKU_15,410,0,0.0
Store_8,SKU_16,397,189,16262.0
Store_8,SKU_17,557,368,9475.76
Store_8,SKU_18,978,933,86679.25
Store_8,SKU_19,107,43,8419.45
Store_8,SKU_20,222,60,4278.62
Store_9,SKU_1,129,117,21724.82
Store_9,SKU_2,813,228,13239.53
Store_9,SKU_3,708,531,12920.59
Store_9,SKU_4,96,48,6825.23
Store_9,SKU_5,464,0,0.0
Store_9,SKU_6,935,258,46754.77
Store_9,SKU_7,61,9,1715.2
Store_9,SKU_8,407,155,11435.19
Store_9,SKU_9,171,91,12094.01
Store_9,SKU_10,697,315,38081.82
Store_9,SKU_11,781,40,2375.62
Store_9,SKU_12,972,501,8086.16
Store_9,SKU_13,250,160,14100.68
Store_9,SKU_14,510,219,13464.55
Store_9,SKU_15,958,557,13634.29
Store_9,SKU_16,439,81,7222.08
Store_9,SKU_17,758,449,11549.27
Store_9,SKU_18,847,241,27667.21
Store_9,SKU_19,54,32,5047.82
Store_9,SKU_20,195,176,14358.15
Store_10,SKU_1,331,62,5249.42
Store_10,SKU_2,876,794,93791.63
Store_10,SKU_3,978,609,10350.66
Store_10,SKU_4,560,384,4837.51
Store_10,SKU_5,872,517,73117.11
Store_10,SKU_6,758,644,128388.48
Store_10,SKU_7,486,22,3434.37
Store_10,SKU_8,726,713,122231.73
Store_10,SKU_9,194,84,8030.68
Store_10,SKU_10,927,0,0.0
Store_10,SKU_11,766,445,78703.56
Store_10,SKU_12,537,33,2575.68
Store_10,SKU_13,121,38,5228.76
Store_10,SKU_14,723,437,68495.6
Store_10,SKU_15,940,305,52433.92
Store_10,SKU_16,103,4,107.19
Store_10,SKU_17,812,400,14185.16
Store_10,SKU_18,352,206,32771.92
Store_10,SKU_19,959,577,94027.05
Store_10,SKU_20,152,37,4644.86
Store_11,SKU_1,899,797,91985.73
Store_11,SKU_2,484,446,66014.88
Store_11,SKU_3,298,165,15786.04
Store_11,SKU_4,384,29,3717.7
Store_11,SKU_5,612,80,15232.71
Store_11,SKU_6,949,137,25489.08
Store_11,SKU_7,379,272,16066.07
Store_11,SKU_8,118,33,4222.45
Store_11,SKU_9,499,204,10145.91
Store_11,SKU_10,92,74,1806.64
Store_11,SKU_11,810,662,22725.61
Store_11,SKU_12,144,117,16679.15
Store_11,SKU_13,949,359,51098.37
Store_11,SKU_14,330,194,34167.35
Store_11,SKU_15,716,92,17929.97
Store_11,SKU_16,110,50,888.25
Store_11,SKU_17,54,17,1069.85
Store_11,SKU_18,878,533,14312.91
Store_11,SKU_19,562,232,18012.1
Store_11,SKU_20,95,33,1137.25
Store_12,SKU_1,779,72,1982.54
Store_12,SKU_2,96,85,2170.41
Store_12,SKU_3,399,106,19606.37
Store_12,SKU_4,622,336,21035.87
Store_12,SKU_5,306,7,1065.19
Store_12,SKU_6,302,179,8909.97
Store_12,SKU_7,688,55,5613.27
Store_12,SKU_8,523,27,2162.53
Store_12,SKU_9,265,153,2596.38
Store_12,SKU_10,361,6,843.37
Store_12,SKU_11,968,749,114167.89
Store_12,SKU_12,557,273,25937.28
Store_12,SKU_13,788,14,418.95
Store_12,SKU_14,680,484,21602.83
Store_12,SKU_15,88,56,9505.15
Store_12,SKU_16,135,125,4094.35
Store_12,SKU_17,194,12,1473.39
Store_12,SKU_18,629,393,62857.42
Store_12,SKU_19,158,145,3844.65
Store_12,SKU_20,160,33,3827.04
Store_13,SKU_1,985,368,43146.94
Store_13,SKU_2,603,424,31424.72
Store_13,SKU_3,741,281,35247.37
Store_13,SKU_4,492,439,45948.84
Store_13,SKU_5,790,376,20707.48
Store_13,SKU_6,711,276,10775.93
Store_13,SKU_7,552,515,88402.49
Store_13,SKU_8,495,317,51707.24
Store_13,SKU_9,713,136,3433.24
Store_13,SKU_10,292,30,2639.26
Store_13,SKU_11,597,222,40039.02
Store_13,SKU_12,517,74,12909.03
Store_13,SKU_13,695,117,6903.18
Store_13,SKU_14,553,440,64463.03
Store_13,SKU_15,764,391,39318.06
Store_13,SKU_16,222,43,2105.48
Store_13,SKU_17,459,117,16974.47
Store_13,SKU_18,773,224,33574.68
Store_13,SKU_19,189,46,6641.19
Store_13,SKU_20,703,319,8480.66
Store_14,SKU_1,943,138,25817.42
Store_14,SKU_2,894,258,5120.39
Store_14,SKU_3,739,9,1028.11
Store_14,SKU_4,699,171,8264.22
Store_14,SKU_5,217,129,3443.65
Store_14,SKU_6,368,100,1051.51
Store_14,SKU_7,826,549,48449.13
Store_14,SKU_8,655,94,17541.39
Store_14,SKU_9,367,235,20590.34
Store_14,SKU_10,934,375,74353.73
Store_14,SKU_11,979,587,48165.36
Store_14,SKU_12,562,295,43395.49
Store_14,SKU_13,621,348,12721.75
Store_14,SKU_14,922,228,11014.5
Store_14,SKU_15,847,290,11951.05
Store_14,SKU_16,54,18,2454.97
Store_14,SKU_17,459,61,4768.85
Store_14,SKU_18,798,41,3467.15
Store_14,SKU_19,345,327,30553.45
Store_14,SKU_20,575,421,47387.09
Store_15,SKU_1,624,142,17000.58
Store_15,SKU_2,194,193,21862.08
Store_15,SKU_3,665,103,13246.34
Store_15,SKU_4,996,197,37147.92
Store_15,SKU_5,440,178,13106.51
Store_15,SKU_6,497,14,2477.15
Store_15,SKU_7,338,230,27346.69
Store_15,SKU_8,206,37,5659.39
Store_15,SKU_9,460,438,16291.11
Store_15,SKU_10,245,85,12382.13
Store_15,SKU_11,566,117,19426.55
Store_15,SKU_12,208,46,7857.99
Store_15,SKU_13,265,183,19294.57
Store_15,SKU_14,697,260,26626.06
Store_15,SKU_15,373,331,51853.66
Store_15,SKU_16,460,94,11628.19
Store_15,SKU_17,981,291,42507.54
Store_15,SKU_18,332,68,11362.24
Store_15,SKU_19,303,37,1968.28
Store_15,SKU_20,72,46,2976.5
Store_16,SKU_1,412,395,72384.52
Store_16,SKU_2,665,209,26370.85
Store_16,SKU_3,672,615,108057.68
Store_16,SKU_4,509,491,57631.27
Store_16,SKU_5,373,132,24456.28
Store_16,SKU_6,889,126,4911.78
Store_16,SKU_7,653,377,8706.85
Store_16,SKU_8,100,28,834.59
Store_16,SKU_9,346,213,38985.47
Store_16,SKU_10,818,813,44570.41
Store_16,SKU_11,395,109,4948.71
Store_16,SKU_12,874,0,0.0
Store_16,SKU_13,616,370,45266.66
Store_16,SKU_14,710,430,8774.03
Store_16,SKU_15,186,179,28582.73
Store_16,SKU_16,715,574,50945.87
Store_16,SKU_17,651,74,13716.82
Store_16,SKU_18,952,209,21184.04
Store_16,SKU_19,396,16,1944.69
Store_16,SKU_20,925,762,28013.28
Store_17,SKU_1,713,24,2512.56
Store_17,SKU_2,759,500,91910.36
Store_17,SKU_3,226,28,3368.73
Store_17,SKU_4,711,665,8304.48
Store_17,SKU_5,518,48,2103.69
Store_17,SKU_6,133,104,3977.58
Store_17,SKU_7,679,341,8939.8
Store_17,SKU_8,750,359,37844.72
Store_17,SKU_9,818,735,16717.23
Store_17,SKU_10,264,210,16040.54
Store_17,SKU_11,719,284,36563.7
Store_17,SKU_12,526,285,48149.98
Store_17,SKU_13,68,17,1119.76
Store_17,SKU_14,420,174,19184.03
Store_17,SKU_15,551,112,9648.24
Store_17,SKU_16,727,643,28656.16
Store_17,SKU_17,974,54,10247.14
Store_17,SKU_18,849,777,47740.04
Store_17,SKU_19,927,161,14113.18
Store_17,SKU_20,136,54,2142.13
Store_18,SKU_1,227,134,18116.2
Store_18,SKU_2,882,312,16278.51
Store_18,SKU_3,492,254,3491.23
Store_18,SKU_4,103,100,4392.35
Store_18,SKU_5,658,603,33318.6
Store_18,SKU_6,467,290,16298.79
Store_18,SKU_7,127,31,5350.05
Store_18,SKU_8,540,451,85436.47
Store_18,SKU_9,231,212,18489.48
Store_18,SKU_10,872,6,781.89
Store_18,SKU_11,722,150,25671.65
Store_18,SKU_12,673,380,67079.26
Store_18,SKU_13,334,187,26881.21
Store_18,SKU_14,946,814,104765.58
Store_18,SKU_15,572,385,30407.78
Store_18,SKU_16,168,139,23327.59
Store_18,SKU_17,854,255,29296.69
Store_18,SKU_18,275,52,3429.32
Store_18,SKU_19,549,505,78317.98
Store_18,SKU_20,329,80,14000.71
Store_19,SKU_1,681,58,10437.97
Store_19,SKU_2,177,113,1612.42
Store_19,SKU_3,575,520,58713.46
Store_19,SKU_4,286,280,16519.62
Store_19,SKU_5,807,277,46712.38
Store_19,SKU_6,53,25,2747.03
Store_19,SKU_7,158,97,5988.62
Store_19,SKU_8,124,69,12676.46
Store_19,SKU_9,902,41,4901.06
Store_19,SKU_10,983,33,3804.7
Store_19,SKU_11,202,121,17767.46
Store_19,SKU_12,678,341,12278.82
Store_19,SKU_13,874,286,50347.19
Store_19,SKU_14,217,97,12037.53
Store_19,SKU_15,870,454,53992.37
Store_19,SKU_16,450,409,35514.49
Store_19,SKU_17,751,633,57088.28
Store_19,SKU_18,179,53,7962.0
Store_19,SKU_19,868,692,86222.44
Store_19,SKU_20,843,28,2351.05
Store_20,SKU_1,345,10,775.78
Store_20,SKU_2,162,38,4787.12
Store_20,SKU_3,359,97,8280.25
Store_20,SKU_4,713,405,60421.42
Store_20,SKU_5,338,249,3965.27
Store_20,SKU_6,197,80,8344.77
Store_20,SKU_7,414,200,31294.66
Store_20,SKU_8,550,72,1747.88
Store_20,SKU_9,66,0,0.0
Store_20,SKU_10,988,615,56959.57
Store_20,SKU_11,88,34,5631.4
Store_20,SKU_12,278,107,15193.18
Store_20,SKU_13,527,101,12336.53
Store_20,SKU_14,324,100,2740.06
Store_20,SKU_15,866,16,3048.72
Store_20,SKU_16,872,496,22406.93
Store_20,SKU_17,367,79,13892.92
Store_20,SKU_18,825,660,101783.1
Store_20,SKU_19,534,373,48890.6
Store_20,SKU_20,249,24,4359.34
Store_21,SKU_1,317,142,20121.87
Store_21,SKU_2,538,537,9392.72
Store_21,SKU_3,827,15,2786.96
Store_21,SKU_4,968,793,93502.31
Store_21,SKU_5,299,269,8849.91
Store_21,SKU_6,568,136,6336.76
Store_21,SKU_7,889,497,44797.05
Store_21,SKU_8,526,222,38580.96
Store_21,SKU_9,984,401,43814.29
Store_21,SKU_10,664,272,36320.65
Store_21,SKU_11,201,107,3521.12
Store_21,SKU_12,147,130,18498.33
Store_21,SKU_13,985,182,15807.11
Store_21,SKU_14,88,14,2278.58
Store_21,SKU_15,565,348,47228.64
Store_21,SKU_16,446,209,22745.88
Store_21,SKU_17,542,425,75040.73
Store_21,SKU_18,499,310,30308.43
Store_21,SKU_19,595,413,4148.64
Store_21,SKU_20,830,140,11613.44
Store_22,SKU_1,657,38,448.48
Store_22,SKU_2,78,61,1636.22
Store_22,SKU_3,367,244,24682.66
Store_22,SKU_4,321,235,46289.33
Store_22,SKU_5,315,64,3543.53
Store_22,SKU_6,52,44,3404.64
Store_22,SKU_7,719,323,47143.51
Store_22,SKU_8,342,152,9527.43
Store_22,SKU_9,998,974,88903.7
Store_22,SKU_10,866,343,11539.6
Store_22,SKU_11,236,36,5738.6
Store_22,SKU_12,988,379,33859.99
Store_22,SKU_13,489,318,60260.71
Store_22,SKU_14,60,12,2375.34
Store_22,SKU_15,760,563,12581.6
Store_22,SKU_16,633,574,30885.88
Store_22,SKU_17,292,106,4615.27
Store_22,SKU_18,267,240,46051.52
Store_22,SKU_19,937,773,125339.04
Store_22,SKU_20,103,46,2350.67
Store_23,SKU_1,570,98,12101.24
Store_23,SKU_2,802,572,34002.16
Store_23,SKU_3,468,177,18288.6
Store_23,SKU_4,194,2,330.02
Store_23,SKU_5,830,119,18099.38
Store_23,SKU_6,138,72,12962.53
Store_23,SKU_7,406,97,9400.47
Store_23,SKU_8,372,122,4222.16
Store_23,SKU_9,698,194,37165.31
Store_23,SKU_10,381,169,27683.56
Store_23,SKU_11,89,24,2751.91
Store_23,SKU_12,275,123,9939.73
Store_23,SKU_13,377,250,36862.46
Store_23,SKU_14,651,453,87339.84
Store_23,SKU_15,737,592,12839.44
Store_23,SKU_16,350,223,24096.27
Store_23,SKU_17,164,66,5021.53
Store_23,SKU_18,915,39,4582.07
Store_23,SKU_19,798,288,50958.63
Store_23,SKU_20,196,79,10673.36
Store_24,SKU_1,402,58,10137.58
Store_24,SKU_2,730,362,20037.1
Store_24,SKU_3,742,169,5088.33
Store_24,SKU_4,716,421,19345.83
Store_24,SKU_5,182,44,7728.61
Store_24,SKU_6,80,22,241.51
Store_24,SKU_7,721,362,19344.84
Store_24,SKU_8,600,81,13398.51
Store_24,SKU_9,767,588,62574.3
Store_24,SKU_10,344,223,5793.24
Store_24,SKU_11,716,112,13033.49
Store_24,SKU_12,409,222,18109.01
Store_24,SKU_13,497,343,56783.34
Store_24,SKU_14,375,73,6725.18
Store_24,SKU_15,880,411,53511.44
Store_24,SKU_16,271,36,1061.17
Store_24,SKU_17,245,147,20682.65
Store_24,SKU_18,291,218,9071.36
Store_24,SKU_19,573,400,48244.95
Store_24,SKU_20,754,21,2687.45
Store_25,SKU_1,259,191,26443.94
Store_25,SKU_2,765,675,89801.32
Store_25,SKU_3,997,380,31496.81
Store_25,SKU_4,78,10,1660.87
Store_25,SKU_5,928,78,12914.4
Store_25,SKU_6,508,57,581.15
Store_25,SKU_7,531,429,42480.65
Store_25,SKU_8,565,98,9384.83
Store_25,SKU_9,88,14,2254.19
Store_25,SKU_10,206,74,3844.02
Store_25,SKU_11,179,174,24237.31
Store_25,SKU_12,71,26,4548.19
Store_25,SKU_13,431,235,3747.65
Store_25,SKU_14,70,46,4128.42
Store_25,SKU_15,133,5,772.09
Store_25,SKU_16,502,386,26738.56
Store_25,SKU_17,619,526,79798.95
Store_25,SKU_18,212,63,11021.43
Store_25,SKU_19,841,523,61150.5
Store_25,SKU_20,541,207,23435.35
Store_26,SKU_1,109,45,2191.65
Store_26,SKU_2,654,308,12072.07
Store_26,SKU_3,76,45,4984.53
Store_26,SKU_4,248,130,20980.91
Store_26,SKU_5,989,692,126808.2
Store_26,SKU_6,427,386,17461.55
Store_26,SKU_7,576,152,1555.58
Store_26,SKU_8,504,272,34105.6
Store_26,SKU_9,901,739,85796.72
Store_26,SKU_10,993,955,21200.71
Store_26,SKU_11,550,116,14169.42
Store_26,SKU_12,633,394,77628.55
Store_26,SKU_13,770,71,6977.44
Store_26,SKU_14,369,337,34100.48
Store_26,SKU_15,656,165,10793.62
Store_26,SKU_16,350,216,37459.42
Store_26,SKU_17,151,135,19927.92
Store_26,SKU_18,740,87,3282.09
Store_26,SKU_19,637,45,1668.34
Store_26,SKU_20,641,309,39381.92
Store_27,SKU_1,709,672,78175.94
Store_27,SKU_2,977,241,17358.66
Store_27,SKU_3,51,32,854.23
Store_27,SKU_4,975,928,154658.32
Store_27,SKU_5,715,102,3592.03
Store_27,SKU_6,920,89,12548.85
Store_27,SKU_7,192,105,4391.28
Store_27,SKU_8,354,316,45576.8
Store_27,SKU_9,951,8,1503.04
Store_27,SKU_10,408,222,25051.88
Store_27,SKU_11,419,203,35623.28
Store_27,SKU_12,739,317,50355.55
Store_27,SKU_13,160,126,3177.95
Store_27,SKU_14,133,131,16181.17
Store_27,SKU_15,71,25,2534.29
Store_27,SKU_16,176,40,1646.4
Store_27,SKU_17,63,10,1477.17
Store_27,SKU_18,61,22,2938.23
Store_27,SKU_19,586,300,38097.3
Store_27,SKU_20,196,54,5364.07
Store_28,SKU_1,734,732,117151.27
Store_28,SKU_2,744,287,30036.61
Store_28,SKU_3,643,548,109218.29
Store_28,SKU_4,922,58,7746.59
Store_28,SKU_5,763,754,104989.5
Store_28,SKU_6,142,96,16289.85
Store_28,SKU_7,866,861,165784.09
Store_28,SKU_8,73,19,2459.84
Store_28,SKU_9,781,363,56579.92
Store_28,SKU_10,201,49,8562.06
Store_28,SKU_11,657,616,57495.55
Store_28,SKU_12,166,97,9939.31
Store_28,SKU_13,627,334,60498.54
Store_28,SKU_14,823,294,18403.6
Store_28,SKU_15,420,185,33919.57
Store_28,SKU_16,317,130,16687.27
Store_28,SKU_17,601,20,2985.83
Store_28,SKU_18,916,793,115783.35
Store_28,SKU_19,801,477,21054.68
Store_28,SKU_20,989,525,102146.66
Store_29,SKU_1,424,292,50321.28
Store_29,SKU_2,602,317,9036.0
Store_29,SKU_3,430,110,13491.99
Store_29,SKU_4,280,83,10180.83
Store_29,SKU_5,887,144,12139.99
Store_29,SKU_6,77,65,11246.13
Store_29,SKU_7,310,163,31665.36
Store_29,SKU_8,352,286,15686.98
Store_29,SKU_9,756,629,26577.77
Store_29,SKU_10,654,360,33072.71
Store_29,SKU_11,325,263,33468.73
Store_29,SKU_12,562,312,13022.24
Store_29,SKU_13,333,120,15006.27
Store_29,SKU_14,736,203,20336.51
Store_29,SKU_15,546,155,27001.17
Store_29,SKU_16,951,619,69688.33
Store_29,SKU_17,965,881,173972.54
Store_29,SKU_18,560,292,54882.88
Store_29,SKU_19,846,0,0.0
Store_29,SKU_20,247,228,42735.47
Store_30,SKU_1,886,160,17019.94
Store_30,SKU_2,255,11,420.04
Store_30,SKU_3,742,241,46602.79
Store_30,SKU_4,860,125,23855.53
Store_30,SKU_5,355,284,49672.87
Store_30,SKU_6,272,183,19757.27
Store_30,SKU_7,227,150,20505.63
Store_30,SKU_8,901,150,2354.25
Store_30,SKU_9,862,307,44174.03
Store_30,SKU_10,795,374,15278.86
Store_30,SKU_11,390,128,19053.77
Store_30,SKU_12,718,351,19152.89
Store_30,SKU_13,544,85,4973.2
Store_30,SKU_14,242,54,10580.76
Store_30,SKU_15,476,457,6090.91
Store_30,SKU_16,194,25,4377.3
Store_30,SKU_17,793,587,18485.14
Store_30,SKU_18,394,301,55549.18
Store_30,SKU_19,50,18,3397.79
Store_30,SKU_20,703,52,7109.68
Store_31,SKU_1,410,89,6784.38
Store_31,SKU_2,753,574,112310.62
Store_31,SKU_3,730,88,15439.0
Store_31,SKU_4,634,588,38131.95
Store_31,SKU_5,373,97,8418.31
Store_31,SKU_6,543,18,2942.83
Store_31,SKU_7,643,396,63987.5
Store_31,SKU_8,900,364,60201.41
Store_31,SKU_9,393,309,41197.17
Store_31,SKU_10,774,654,84849.74
Store_31,SKU_11,760,142,20183.71
Store_31,SKU_12,877,604,57532.08
Store_31,SKU_13,354,223,18044.68
Store_31,SKU_14,989,101,2414.63
Store_31,SKU_15,916,621,82027.54
Store_31,SKU_16,991,776,63755.62
Store_31,SKU_17,843,327,35520.55
Store_31,SKU_18,503,411,6112.39
Store_31,SKU_19,203,152,12500.05
Store_31,SKU_20,353,292,16571.94
Store_32,SKU_1,789,782,66414.8
Store_32,SKU_2,392,325,49369.58
Store_32,SKU_3,413,378,41215.04
Store_32,SKU_4,70,22,2021.0
Store_32,SKU_5,385,302,7110.06
Store_32,SKU_6,448,280,37629.67
Store_32,SKU_7,100,14,664.43
Store_32,SKU_8,190,18,526.86
Store_32,SKU_9,942,372,23854.82
Store_32,SKU_10,588,155,17428.3
Store_32,SKU_11,193,105,13226.16
Store_32,SKU_12,707,1,61.8
Store_32,SKU_13,693,89,2951.09
Store_32,SKU_14,508,262,36526.05
Store_32,SKU_15,635,38,4171.68
Store_32,SKU_16,632,311,49992.43
Store_32,SKU_17,494,297,54758.77
Store_32,SKU_18,133,117,19087.21
Store_32,SKU_19,434,171,3120.47
Store_32,SKU_20,411,46,8775.27
Store_33,SKU_1,936,917,151897.27
Store_33,SKU_2,775,219,11680.4
Store_33,SKU_3,570,9,388.86
Store_33,SKU_4,682,636,115827.88
Store_33,SKU_5,201,48,2640.26
Store_33,SKU_6,342,67,4168.28
Store_33,SKU_7,580,59,8116.67
Store_33,SKU_8,906,145,22571.38
Store_33,SKU_9,488,241,9415.13
Store_33,SKU_10,610,482,84426.8
Store_33,SKU_11,722,630,70382.36
Store_33,SKU_12,711,431,29881.94
Store_33,SKU_13,468,454,51698.12
Store_33,SKU_14,699,589,76618.85
Store_33,SKU_15,490,253,9345.1
Store_33,SKU_16,369,290,35797.29
Store_33,SKU_17,707,553,50520.93
Store_33,SKU_18,216,168,23782.56
Store_33,SKU_19,329,187,30958.66
Store_33,SKU_20,629,217,16073.87
Store_34,SKU_1,337,166,26028.52
Store_34,SKU_2,85,35,1625.92
Store_34,SKU_3,697,352,18678.78
Store_34,SKU_4,474,195,18341.29
Store_34,SKU_5,877,641,87960.9
Store_34,SKU_6,477,26,3422.43
Store_34,SKU_7,825,229,28083.25
Store_34,SKU_8,116,43,3079.81
Store_34,SKU_9,308,129,25656.36
Store_34,SKU_10,819,613,71095.03
Store_34,SKU_11,403,285,20912.79
Store_34,SKU_12,711,441,84649.42
Store_34,SKU_13,894,476,67164.04
Store_34,SKU_14,360,207,18174.76
Store_34,SKU_15,719,632,105002.52
Store_34,SKU_16,61,16,1074.59
Store_34,SKU_17,697,514,95688.19
Store_34,SKU_18,286,278,23871.87
Store_34,SKU_19,153,117,23232.91
Store_34,SKU_20,921,247,27810.19
Store_35,SKU_1,682,285,31059.87
Store_35,SKU_2,455,230,40086.79
Store_35,SKU_3,833,459,72790.67
Store_35,SKU_4,787,508,8570.2
Store_35,SKU_5,530,113,8465.75
Store_35,SKU_6,410,340,25772.39
Store_35,SKU_7,810,448,30486.23
Store_35,SKU_8,229,189,17949.04
Store_35,SKU_9,245,209,22567.63
Store_35,SKU_10,468,405,42291.34
Store_35,SKU_11,391,315,54107.78
Store_35,SKU_12,539,11,2054.94
Store_35,SKU_13,91,37,6116.67
Store_35,SKU_14,852,157,27759.97
Store_35,SKU_15,719,461,75201.01
Store_35,SKU_16,897,6,407.33
Store_35,SKU_17,122,14,1211.93
Store_35,SKU_18,627,129,6770.79
Store_35,SKU_19,255,19,2258.68
Store_35,SKU_20,315,24,2862.74
Store_36,SKU_1,302,288,53373.27
Store_36,SKU_2,831,109,19693.0
Store_36,SKU_3,287,24,3278.36
Store_36,SKU_4,531,391,39438.01
Store_36,SKU_5,586,78,15053.37
Store_36,SKU_6,61,31,1028.79
Store_36,SKU_7,141,140,26309.55
Store_36,SKU_8,581,446,58763.62
Store_36,SKU_9,910,42,5364.31
Store_36,SKU_10,109,22,855.46
Store_36,SKU_11,566,466,21640.42
Store_36,SKU_12,394,129,13167.58
Store_36,SKU_13,739,252,32181.55
Store_36,SKU_14,512,456,41844.41
Store_36,SKU_15,954,98,2369.61
Store_36,SKU_16,205,189,11420.06
Store_36,SKU_17,312,79,11171.19
Store_36,SKU_18,658,259,33749.26
Store_36,SKU_19,601,100,12689.17
Store_36,SKU_20,869,220,28278.85
Store_37,SKU_1,173,165,15007.71
Store_37,SKU_2,112,100,17845.48
Store_37,SKU_3,623,482,38499.4
Store_37,SKU_4,141,13,566.91
Store_37,SKU_5,647,644,7789.79
Store_37,SKU_6,435,61,6188.78
Store_37,SKU_7,295,229,13594.47
Store_37,SKU_8,699,470,16943.9
Store_37,SKU_9,472,388,19744.68
Store_37,SKU_10,262,241,31225.59
Store_37,SKU_11,742,337,7507.41
Store_37,SKU_12,721,163,13132.52
Store_37,SKU_13,546,394,37954.69
Store_37,SKU_14,357,255,7302.1
Store_37,SKU_15,843,509,19601.21
Store_37,SKU_16,613,593,59562.96
Store_37,SKU_17,794,732,62183.76
Store_37,SKU_18,471,41,6525.28
Store_37,SKU_19,446,112,21449.52
Store_37,SKU_20,66,8,1513.1
Store_38,SKU_1,179,59,1446.63
Store_38,SKU_2,146,9,1680.85
Store_38,SKU_3,281,276,46029.93
Store_38,SKU_4,808,801,66808.44
Store_38,SKU_5,775,199,10571.54
Store_38,SKU_6,962,955,91314.94
Store_38,SKU_7,222,210,6317.17
Store_38,SKU_8,989,448,42211.41
Store_38,SKU_9,57,12,206.69
Store_38,SKU_10,136,42,5679.1
Store_38,SKU_11,484,407,12218.07
Store_38,SKU_12,66,4,426.52
Store_38,SKU_13,281,227,17352.7
Store_38,SKU_14,448,210,28488.69
Store_38,SKU_15,589,562,24211.39
Store_38,SKU_16,310,260,35218.95
Store_38,SKU_17,401,7,422.51
Store_38,SKU_18,599,367,71158.88
Store_38,SKU_19,272,135,21080.57
Store_38,SKU_20,970,328,27082.48
Store_39,SKU_1,995,962,31807.01
Store_39,SKU_2,431,323,50769.28
Store_39,SKU_3,218,216,23923.6
Store_39,SKU_4,239,113,8047.97
Store_39,SKU_5,725,651,65180.63
Store_39,SKU_6,819,373,38173.92
Store_39,SKU_7,209,94,10240.92
Store_39,SKU_8,337,225,7726.09
Store_39,SKU_9,832,272,50683.36
Store_39,SKU_10,232,200,16142.35
Store_39,SKU_11,876,845,78996.47
Store_39,SKU_12,675,413,76975.08
Store_39,SKU_13,221,31,3231.72
Store_39,SKU_14,162,119,23628.51
Store_39,SKU_15,171,31,2176.67
Store_39,SKU_16,88,11,2030.56
Store_39,SKU_17,579,148,22711.78
Store_39,SKU_18,710,637,108277.08
Store_39,SKU_19,409,237,37333.43
Store_39,SKU_20,285,223,9747.66
Store_40,SKU_1,647,234,14314.47
Store_40,SKU_2,909,796,118054.73
Store_40,SKU_3,819,540,75711.58
Store_40,SKU_4,485,282,54531.65
Store_40,SKU_5,512,498,19236.97
Store_40,SKU_6,93,76,6729.73
Store_40,SKU_7,470,188,28435.1
Store_40,SKU_8,564,18,698.37
Store_40,SKU_9,79,38,4547.19
Store_40,SKU_10,330,127,11737.61
Store_40,SKU_11,185,105,12182.94
Store_40,SKU_12,633,128,19318.44
Store_40,SKU_13,564,448,28135.03
Store_40,SKU_14,532,223,39507.82
Store_40,SKU_15,915,490,33847.48
Store_40,SKU_16,454,383,63146.16
Store_40,SKU_17,780,65,5039.0
Store_40,SKU_18,62,8,922.42
Store_40,SKU_19,647,233,36019.06
Store_40,SKU_20,615,11,1668.58
Store_41,SKU_1,63,56,10753.9
Store_41,SKU_2,426,19,1370.22
Store_41,SKU_3,804,734,49959.56
Store_41,SKU_4,873,210,41853.74
Store_41,SKU_5,181,110,10475.96
Store_41,SKU_6,69,9,1605.39
Store_41,SKU_7,276,153,12911.65
Store_41,SKU_8,518,404,6271.52
Store_41,SKU_9,991,771,34271.46
Store_41,SKU_10,990,19,1642.4
Store_41,SKU_11,632,515,55064.24
Store_41,SKU_12,564,335,17699.18
Store_41,SKU_13,549,535,74112.97
Store_41,SKU_14,643,158,2268.44
Store_41,SKU_15,964,816,106841.51
Store_41,SKU_16,260,151,11099.3
Store_41,SKU_17,591,313,45215.79
Store_41,SKU_18,976,867,93879.73
Store_41,SKU_19,481,172,6538.75
Store_41,SKU_20,232,112,10355.93
Store_42,SKU_1,195,62,3218.81
Store_42,SKU_2,812,475,71143.6
Store_42,SKU_3,874,117,15454.22
Store_42,SKU_4,450,197,25782.12
Store_42,SKU_5,801,46,1494.26
Store_42,SKU_6,759,558,94615.84
Store_42,SKU_7,124,102,12102.88
Store_42,SKU_8,449,324,14596.36
Store_42,SKU_9,622,137,10077.33
Store_42,SKU_10,668,624,75693.65
Store_42,SKU_11,679,562,106065.73
Store_42,SKU_12,475,34,3115.58
Store_42,SKU_13,630,348,34009.77
Store_42,SKU_14,98,20,1941.11
Store_42,SKU_15,310,69,8964.65
Store_42,SKU_16,687,294,30672.32
Store_42,SKU_17,690,312,3536.69
Store_42,SKU_18,858,181,9555.44
Store_42,SKU_19,413,187,16040.64
Store_42,SKU_20,645,547,6862.93
Store_43,SKU_1,457,363,6705.71
Store_43,SKU_2,391,219,13662.7
Store_43,SKU_3,269,119,23231.01
Store_43,SKU_4,449,181,16559.42
Store_43,SKU_5,778,204,12433.07
Store_43,SKU_6,890,812,139734.67
Store_43,SKU_7,668,595,76007.02
Store_43,SKU_8,924,440,33318.95
Store_43,SKU_9,739,518,13685.91
Store_43,SKU_10,448,159,21643.09
Store_43,SKU_11,197,142,25220.02
Store_43,SKU_12,966,425,71100.37
Store_43,SKU_13,937,895,115133.55
Store_43,SKU_14,214,57,11178.54
Store_43,SKU_15,630,130,19211.35
Store_43,SKU_16,982,304,29836.74
Store_43,SKU_17,906,852,107028.39
Store_43,SKU_18,494,424,6015.15
Store_43,SKU_19,678,489,13144.15
Store_43,SKU_20,647,288,31519.95
Store_44,SKU_1,622,572,99199.98
Store_44,SKU_2,92,40,6416.92
Store_44,SKU_3,226,16,2023.22
Store_44,SKU_4,543,197,33670.17
Store_44,SKU_5,891,852,31338.54
Store_44,SKU_6,71,56,7678.4
Store_44,SKU_7,147,143,12617.67
Store_44,SKU_8,686,678,77042.53
Store_44,SKU_9,393,293,47822.49
Store_44,SKU_10,699,610,12121.77
Store_44,SKU_11,880,560,27025.11
Store_44,SKU_12,440,276,11397.2
Store_44,SKU_13,432,67,10303.45
Store_44,SKU_14,263,142,6947.7
Store_44,SKU_15,262,78,13815.4
Store_44,SKU_16,653,380,36379.48
Store_44,SKU_17,107,27,4230.42
Store_44,SKU_18,496,65,1455.28
Store_44,SKU_19,303,43,4831.19
Store_44,SKU_20,276,261,21054.14
Store_45,SKU_1,840,600,51301.48
Store_45,SKU_2,476,402,37709.09
Store_45,SKU_3,828,503,22875.15
Store_45,SKU_4,57,23,1788.65
Store_45,SKU_5,346,163,10191.4
Store_45,SKU_6,121,54,7133.84
Store_45,SKU_7,960,943,170137.95
Store_45,SKU_8,259,41,3896.83
Store_45,SKU_9,503,267,11092.92
Store_45,SKU_10,897,386,30489.81
Store_45,SKU_11,332,113,4755.3
Store_45,SKU_12,535,219,10595.87
Store_45,SKU_13,569,259,41888.77
Store_45,SKU_14,415,245,42337.48
Store_45,SKU_15,698,523,78737.0
Store_45,SKU_16,936,15,2966.99
Store_45,SKU_17,158,118,3924.97
Store_45,SKU_18,719,268,19127.73
Store_45,SKU_19,973,101,19812.03
Store_45,SKU_20,620,246,8528.09
Store_46,SKU_1,886,536,14834.22
Store_46,SKU_2,245,24,3992.69
Store_46,SKU_3,715,381,31247.77
Store_46,SKU_4,276,188,13911.94
Store_46,SKU_5,314,133,19277.84
Store_46,SKU_6,989,376,37420.23
Store_46,SKU_7,992,363,35305.52
Store_46,SKU_8,774,727,75535.57
Store_46,SKU_9,180,75,5526.71
Store_46,SKU_10,326,155,25875.06
Store_46,SKU_11,239,160,8892.17
Store_46,SKU_12,741,545,41479.33
Store_46,SKU_13,992,337,51317.35
Store_46,SKU_14,328,175,20943.55
Store_46,SKU_15,322,107,10651.27
Store_46,SKU_16,832,288,9789.21
Store_46,SKU_17,321,65,4539.26
Store_46,SKU_18,297,155,21625.17
Store_46,SKU_19,503,200,26900.73
Store_46,SKU_20,50,7,166.65
Store_47,SKU_1,689,190,14187.72
Store_47,SKU_2,491,408,20787.88
Store_47,SKU_3,192,190,4373.05
Store_47,SKU_4,362,116,10159.07
Store_47,SKU_5,703,459,24889.27
Store_47,SKU_6,442,354,7514.66
Store_47,SKU_7,256,209,27932.02
Store_47,SKU_8,695,250,2508.95
Store_47,SKU_9,492,90,7564.89
Store_47,SKU_10,607,549,29140.25
Store_47,SKU_11,550,546,48279.84
Store_47,SKU_12,895,506,45683.81
Store_47,SKU_13,330,269,49612.89
Store_47,SKU_14,776,661,114409.13
Store_47,SKU_15,132,109,19952.05
Store_47,SKU_16,475,274,44643.45
Store_47,SKU_17,222,70,8963.88
Store_47,SKU_18,122,118,13122.59
Store_47,SKU_19,836,397,20447.17
Store_47,SKU_20,486,316,7263.19
Store_48,SKU_1,514,285,5347.59
Store_48,SKU_2,722,375,23972.78
Store_48,SKU_3,703,202,4869.36
Store_48,SKU_4,383,221,27353.96
Store_48,SKU_5,117,91,15645.64
Store_48,SKU_6,922,636,78044.89
Store_48,SKU_7,986,631,28529.24
Store_48,SKU_8,744,15,832.6
Store_48,SKU_9,930,431,7149.15
Store_48,SKU_10,84,10,1991.33
Store_48,SKU_11,611,468,51046.95
Store_48,SKU_12,374,303,50892.17
Store_48,SKU_13,733,200,36565.82
Store_48,SKU_14,373,34,5697.19
Store_48,SKU_15,777,479,56827.0
Store_48,SKU_16,350,342,31389.17
Store_48,SKU_17,381,75,7368.17
Store_48,SKU_18,576,25,1032.92
Store_48,SKU_19,455,231,43922.47
Store_48,SKU_20,599,504,72324.21
Store_49,SKU_1,181,54,5796.85
Store_49,SKU_2,589,405,64590.44
Store_49,SKU_3,628,491,93585.04
Store_49,SKU_4,211,90,13615.46
Store_49,SKU_5,818,583,76069.7
Store_49,SKU_6,311,213,12425.23
Store_49,SKU_7,962,572,57070.58
Store_49,SKU_8,779,282,10322.49
Store_49,SKU_9,429,361,70247.43
Store_49,SKU_10,142,108,10971.48
Store_49,SKU_11,473,141,17772.8
Store_49,SKU_12,798,688,74406.37
Store_49,SKU_13,98,45,873.2
Store_49,SKU_14,185,42,7154.52
Store_49,SKU_15,914,601,58863.06
Store_49,SKU_16,806,703,75507.03
Store_49,SKU_17,412,309,57793.26
Store_49,SKU_18,826,343,9105.84
Store_49,SKU_19,602,528,16700.27
Store_49,SKU_20,868,570,60652.71
Store_50,SKU_1,90,38,3943.41
Store_50,SKU_2,828,493,97927.15
Store_50,SKU_3,382,126,7837.07
Store_50,SKU_4,50,39,3515.75
Store_50,SKU_5,381,71,12953.67
Store_50,SKU_6,158,11,1519.93
Store_50,SKU_7,978,300,43950.47
Store_50,SKU_8,299,7,1217.63
Store_50,SKU_9,223,86,12585.13
Store_50,SKU_10,480,214,3789.12
Store_50,SKU_11,901,849,49897.35
Store_50,SKU_12,373,160,15469.59
Store_50,SKU_13,643,484,15969.46
Store_50,SKU_14,461,423,64602.18
Store_50,SKU_15,786,331,8352.52
Store_50,SKU_16,704,40,7557.12
Store_50,SKU_17,846,104,13813.85
Store_50,SKU_18,868,842,104198.81
Store_50,SKU_19,959,209,7604.58
Store_50,SKU_20,762,376,14784.73
